first_name,last_name,email
Animesh,Ghosh,animesh@betacraft.io
Ankur,Chauhan,ankur@betacraft.io
Harun,Kumar,harun@betacraft.io
Manish,Roy,manish@betacraft.io
Matthew,Thomas,matthew@betacraft.io
Ratnadeep,Deshmane,rtdp@betacraft.io
